{
    "stats_scaler": {
        "mean": [
            0.1735100161360662,
            0.7933211280561779,
            1.060906858699011,
            3.090647683375449,
            -0.004475674354276712,
            0.1196947769488072,
            -0.10248447627854006,
            0.9774540734746994,
            1.2753512505121378,
            3.843129342366656,
            -0.012477059469600957,
            0.20426934910173664,
            9.804312091017595,
            1.1061752118182773,
            9.892599333828823,
            4.3768196084023145,
            0.01576640767656203,
            0.257677041933921,
            -0.00034265818913544534,
            0.051874569502808256,
            0.05433822252960186,
            0.20561101599920126,
            0.013483753225122554,
            0.27695960590212304,
            0.000870937952496142,
            0.06090828733285554,
            0.06332868208754484,
            0.2413711221319522,
            0.033622912441274216,
            0.23128748879553132,
            -0.0004935721617579757,
            0.021231467483186644,
            0.045655555956640545,
            0.07481629497822365,
            -0.0050737261669233326,
            -0.19648348635369414,
            9.636035647235076,
            0.24716193436995457,
            9.648334907056144,
            0.7104095635487522,
            -0.013294877312832989,
            0.026973669847576414
        ],
        "std": [
            0.7307135304235768,
            0.4657251413363594,
            0.5336505840923679,
            1.8665215272885258,
            0.5864821236423553,
            1.2943098415370804,
            0.8463933677280878,
            0.6886514384355654,
            0.7280255888641314,
            2.7897246818558488,
            0.6152075651266768,
            1.3150436824684668,
            0.3159657356775974,
            0.7208560124918024,
            0.32265358282869916,
            2.931520693352671,
            0.6145386534190656,
            1.423816170194362,
            0.01728812082408632,
            0.03915735728774273,
            0.039631095107855216,
            0.1586256006361666,
            0.64123912606312,
            1.4973655743268104,
            0.018973917185211856,
            0.04079785527607032,
            0.041527467443512094,
            0.16947933050309175,
            0.6194793657130129,
            1.424046474227559,
            0.06450988977525833,
            0.01891997056121511,
            0.053722250512350786,
            0.05986421539141029,
            0.626405260025111,
            1.1635240573974401,
            7.2924593997248115,
            0.26461689679540384,
            7.285183026978299,
            0.7731668437004268,
            1.0882450608317071,
            3.2968547340496643
        ]
    },
    "raw_scaler": {
        "mean": [
            0.17351001613606445,
            -0.1024844762785404,
            9.804312091017588,
            -0.00034265818913543374,
            0.000870937952496142,
            -0.00049357216175798,
            9.636035647234626
        ],
        "std": [
            1.1748193831552296,
            1.4649365181965281,
            1.3576050000309623,
            0.06725435831594953,
            0.07572512128943779,
            0.07050011614417778,
            7.301443365561802
        ]
    }
}