{"x_raw": [1.4086923599243164, 1.7440783977508545, 1.7578213214874268, 1.842975378036499, 1.8473470211029053, 1.850132942199707, 1.8503165245056152, 2.0337424278259277, 2.034315347671509, 2.14422869682312, 2.1448543071746826, 2.646420478820801, 2.646545171737671, 2.782649517059326, 2.7841274738311768, 2.785505771636963, 2.798475742340088, 2.7987818717956543, 3.4157867431640625, 3.419206142425537, 3.4557509422302246, 3.457141399383545, 3.8421335220336914, 3.8446102142333984, 4.201412200927734, 4.201869487762451, 4.53278112411499, 4.538265705108643, 4.707102298736572, 4.707160472869873, 4.888235569000244, 4.895236492156982, 5.206006050109863, 5.2062087059021, 5.209521770477295, 5.21237325668335, 5.400198459625244, 5.400581359863281, 5.99685525894165, 5.998824119567871, 6.003285884857178, 6.006974220275879, 6.182613849639893, 6.18587589263916, 6.206119060516357, 6.209420204162598, 6.368969440460205, 6.37297248840332, 6.800901412963867, 6.8156585693359375, 6.837174892425537, 6.839789390563965, 7.005046844482422, 7.009982109069824, 7.093731880187988, 7.097972869873047, 7.420625686645508, 7.423173904418945, 8.234336853027344, 8.238245010375977, 8.259381294250488, 8.262492179870605, 8.405502319335938, 8.408745765686035, 9.010956764221191, 9.04541015625, 9.266136169433594, 9.269000053405762, 9.646008491516113, 9.695860862731934, 10.979141235351562, 11.015422821044922, 15.754457473754883, 15.78569221496582, 20.249418258666992, 20.576433181762695, 21.86021614074707, 22.171323776245117, 23.77276611328125, 27.686208724975586, 38.985233306884766], "y_calibrated": [1.2128446102142334, 1.2128446102142334, 1.3427366018295288, 1.3427366018295288, 1.349787950515747, 1.349787950515747, 1.3977473974227905, 1.3977473974227905, 1.8458579778671265, 1.8458579778671265, 1.8902190923690796, 1.8902190923690796, 2.1944472789764404, 2.1944472789764404, 2.299156904220581, 2.5858237743377686, 2.5858237743377686, 2.5971808433532715, 2.5971808433532715, 2.605844736099243, 2.605844736099243, 3.253041982650757, 3.253041982650757, 3.437206983566284, 3.437206983566284, 3.7107958793640137, 3.7107958793640137, 4.061951637268066, 4.061951637268066, 4.340411186218262, 4.340411186218262, 4.519742012023926, 4.519742012023926, 4.627760410308838, 4.627760410308838, 4.728625297546387, 4.728625297546387, 5.007259368896484, 5.007259368896484, 5.308963298797607, 5.308963298797607, 5.342557430267334, 5.342557430267334, 5.394349575042725, 5.394349575042725, 5.399829387664795, 5.399829387664795, 5.556457042694092, 5.556457042694092, 6.4689154624938965, 6.4689154624938965, 6.580991744995117, 6.580991744995117, 6.958472728729248, 6.958472728729248, 7.956695079803467, 7.956695079803467, 8.10103702545166, 8.10103702545166, 8.519607543945312, 8.519607543945312, 9.348237991333008, 9.348237991333008, 9.480485916137695, 9.480485916137695, 10.133979797363281, 10.133979797363281, 11.378344535827637, 11.378344535827637, 12.98142147064209, 12.98142147064209, 13.616571426391602, 13.616571426391602, 13.738725662231445, 13.738725662231445, 14.436870574951172, 14.436870574951172, 15.114957809448242, 15.114957809448242, 15.571969032287598, 15.571969032287598]}