{"x_raw": [1.382295846939087, 1.3979640007019043, 1.3992302417755127, 1.7566649913787842, 1.7589707374572754, 1.838036298751831, 1.8389842510223389, 1.8772690296173096, 1.8773479461669922, 1.8825745582580566, 1.888270378112793, 1.955963373184204, 1.9561679363250732, 1.9732294082641602, 1.9749000072479248, 1.9752907752990723, 1.9753384590148926, 1.9771244525909424, 2.0331668853759766, 2.0339956283569336, 2.1391170024871826, 2.1395671367645264, 2.152211904525757, 2.152799129486084, 2.192979097366333, 2.194671869277954, 2.5048351287841797, 2.507108688354492, 2.7659950256347656, 2.769479990005493, 2.892012596130371, 2.8932552337646484, 3.115935802459717, 3.119457721710205, 3.1316328048706055, 3.1338467597961426, 3.1913418769836426, 3.194943904876709, 3.245088577270508, 3.249910831451416, 3.6299805641174316, 3.630288600921631, 3.7424139976501465, 3.7493648529052734, 4.103722095489502, 4.104334831237793, 4.135440349578857, 4.136865139007568, 4.149502754211426, 4.151422500610352, 4.153169631958008, 4.27638578414917, 4.2794108390808105, 4.577395439147949, 4.577512264251709, 4.6803412437438965, 4.685249328613281, 5.040424823760986, 5.042021751403809, 5.275758743286133, 5.277050495147705, 5.291313648223877, 5.294734477996826, 5.465997695922852, 5.466310977935791, 5.759522914886475, 5.760491847991943, 6.116010665893555, 6.117264747619629, 6.352017402648926, 6.353477478027344, 6.381857872009277, 6.389264106750488, 6.496237277984619, 6.500520706176758, 6.512845039367676, 6.611635684967041, 6.616864204406738, 6.973039627075195, 6.977016925811768, 7.3072004318237305, 7.31245231628418, 7.5675811767578125, 7.5711774826049805, 7.613329887390137, 7.62507438659668, 7.885180473327637, 7.894516944885254, 7.909639358520508, 8.935495376586914, 8.942831993103027, 8.966209411621094, 8.999566078186035, 9.790371894836426, 9.794187545776367, 10.106074333190918, 10.111554145812988, 61.37564468383789, 77.33692932128906, 77.73381042480469, 79.26548767089844, 90.20043182373047, 1088.06201171875], "y_calibrated": [0.0, 0.0, 1.0950469970703125, 1.0950469970703125, 1.1137562990188599, 1.1137562990188599, 1.2064582109451294, 1.2064582109451294, 1.2909092903137207, 1.2909092903137207, 1.3371617794036865, 1.3371617794036865, 1.3852870464324951, 1.3852870464324951, 1.5282559394836426, 1.5282559394836426, 1.5385816097259521, 1.5754141807556152, 1.5754141807556152, 1.6710867881774902, 1.6710867881774902, 1.7499032020568848, 1.7499032020568848, 1.8264141082763672, 1.8264141082763672, 1.898045539855957, 1.898045539855957, 2.113189220428467, 2.113189220428467, 2.1724023818969727, 2.1724023818969727, 2.271296501159668, 2.271296501159668, 2.543137550354004, 2.543137550354004, 2.635545015335083, 2.635545015335083, 2.962545156478882, 2.962545156478882, 3.027726411819458, 3.027726411819458, 3.102560043334961, 3.102560043334961, 3.3397152423858643, 3.3397152423858643, 3.7514922618865967, 3.7514922618865967, 3.9272608757019043, 3.9272608757019043, 3.976393222808838, 3.981383800506592, 3.981383800506592, 4.037868022918701, 4.037868022918701, 4.05627965927124, 4.05627965927124, 4.1839141845703125, 4.1839141845703125, 4.303374290466309, 4.303374290466309, 4.529552459716797, 4.529552459716797, 4.547112941741943, 4.547112941741943, 4.633431434631348, 4.633431434631348, 5.252680778503418, 5.252680778503418, 5.548908233642578, 5.548908233642578, 5.757612228393555, 5.757612228393555, 5.875295162200928, 5.875295162200928, 6.678008079528809, 6.774974346160889, 6.774974346160889, 6.809711933135986, 6.809711933135986, 6.939356803894043, 6.939356803894043, 7.054980278015137, 7.054980278015137, 7.30661153793335, 7.30661153793335, 7.335692882537842, 7.335692882537842, 9.590922355651855, 9.734577178955078, 9.734577178955078, 10.18328857421875, 10.18328857421875, 10.947065353393555, 10.947065353393555, 11.95403003692627, 11.95403003692627, 13.465194702148438, 13.465194702148438, 14.29729175567627, 15.071486473083496, 15.911340713500977, 18.842920303344727, 18.842920303344727]}